[
  {
    "label": "Bawang Merah",
    "Project_Link": "https://lookerstudio.google.com/reporting/3480de0a-2239-41bd-99a3-234ac4703f9d",
    "url": "https://lookerstudio.google.com/embed/reporting/3480de0a-2239-41bd-99a3-234ac4703f9d/page/SoLyD"
  },
  {
    "label": "Bawang Putih",
    "Project_Link": "https://lookerstudio.google.com/reporting/7f0b1b8f-6f66-4700-9a66-fc42eb63e4be",
    "url": "https://lookerstudio.google.com/embed/reporting/7f0b1b8f-6f66-4700-9a66-fc42eb63e4be/page/SoLyD"
  },
  {
    "label": "Beras",
    "Project_Link": "https://lookerstudio.google.com/reporting/a9feab30-f48c-4099-997c-dd89a0780405",
    "url": "https://lookerstudio.google.com/embed/reporting/a9feab30-f48c-4099-997c-dd89a0780405/page/SoLyD"
  },
  {
    "label": "Cabai Merah",
    "Project_Link": "https://lookerstudio.google.com/reporting/d09577ac-43f4-4048-bfa5-f1fbba9a9ad2",
    "url": "https://lookerstudio.google.com/embed/reporting/d09577ac-43f4-4048-bfa5-f1fbba9a9ad2/page/SoLyD"
  },
  {
    "label": "Cabai Rawit",
    "Project_Link": "https://lookerstudio.google.com/reporting/6c37226a-5a2d-43ee-a94d-281dc869c520",
    "url": "https://lookerstudio.google.com/embed/reporting/6c37226a-5a2d-43ee-a94d-281dc869c520/page/SoLyD"
  },
  {
    "label": "Daging Ayam Ras",
    "Project_Link": "https://lookerstudio.google.com/reporting/b2bba04c-c581-4261-a225-221889035dde",
    "url": "https://lookerstudio.google.com/embed/reporting/b2bba04c-c581-4261-a225-221889035dde/page/SoLyD"
  },
  {
    "label": "Daging Sapi",
    "Project_Link": "https://lookerstudio.google.com/reporting/62b1890e-3b3e-424d-85c2-8605f4d4734e",
    "url": "https://lookerstudio.google.com/embed/reporting/62b1890e-3b3e-424d-85c2-8605f4d4734e/page/SoLyD"
  },
  {
    "label": "Gula Pasir",
    "Project_Link": "https://lookerstudio.google.com/reporting/9f7d927a-e8e3-4a36-b698-bdbc20d76349",
    "url": "https://lookerstudio.google.com/embed/reporting/9f7d927a-e8e3-4a36-b698-bdbc20d76349/page/SoLyD"
  },
  {
    "label": "Ikan Kembung",
    "Project_Link": "https://lookerstudio.google.com/reporting/d1076866-612e-449e-8f05-9bc1a4aa1e91",
    "url": "https://lookerstudio.google.com/embed/reporting/d1076866-612e-449e-8f05-9bc1a4aa1e91/page/SoLyD"
  },
  {
    "label": "Jeruk",
    "Project_Link": "https://lookerstudio.google.com/reporting/9b123428-6cba-453d-8ae5-ea16c0d766eb",
    "url": "https://lookerstudio.google.com/embed/reporting/9b123428-6cba-453d-8ae5-ea16c0d766eb/page/SoLyD"
  },
  {
    "label": "Mie Kering Instan",
    "Project_Link": "https://lookerstudio.google.com/reporting/8ba2d727-88aa-42a8-9f9b-1266b1c661de",
    "url": "https://lookerstudio.google.com/embed/reporting/8ba2d727-88aa-42a8-9f9b-1266b1c661de/page/SoLyD"
  },
  {
    "label": "Minyak Goreng",
    "Project_Link": "https://lookerstudio.google.com/reporting/680cb494-a0be-4a33-a066-e5bcc2cf6ad3",
    "url": "https://lookerstudio.google.com/embed/reporting/680cb494-a0be-4a33-a066-e5bcc2cf6ad3/page/SoLyD"
  },
  {
    "label": "Pisang",
    "Project_Link": "https://lookerstudio.google.com/reporting/9e3cdc2a-6f43-44af-9874-0ab269d085d9",
    "url": "https://lookerstudio.google.com/embed/reporting/9e3cdc2a-6f43-44af-9874-0ab269d085d9/page/SoLyD"
  },
  {
    "label": "Susu Bubuk",
    "Project_Link": "https://lookerstudio.google.com/reporting/d3f7a197-4028-4dc9-9f61-66805db0f388",
    "url": "https://lookerstudio.google.com/embed/reporting/d3f7a197-4028-4dc9-9f61-66805db0f388/page/SoLyD"
  },
  {
    "label": "Susu Bubuk Balita",
    "Project_Link": "https://lookerstudio.google.com/reporting/321b4d77-94c3-45ef-aca0-972da77f7422",
    "url": "https://lookerstudio.google.com/embed/reporting/321b4d77-94c3-45ef-aca0-972da77f7422/page/SoLyD"
  },
  {
    "label": "Tahu",
    "Project_Link": "https://lookerstudio.google.com/reporting/dda9babf-b389-4b85-8648-b276910fccbd",
    "url": "https://lookerstudio.google.com/embed/reporting/dda9babf-b389-4b85-8648-b276910fccbd/page/SoLyD"
  },
  {
    "label": "Telur Ayam Ras",
    "Project_Link": "https://lookerstudio.google.com/reporting/0a221f3c-11df-4a0c-8d7e-d3e5c8985a3e",
    "url": "https://lookerstudio.google.com/embed/reporting/0a221f3c-11df-4a0c-8d7e-d3e5c8985a3e/page/SoLyD"
  },
  {
    "label": "Tempe",
    "Project_Link": "https://lookerstudio.google.com/reporting/d7eb32d7-3bf5-45fd-9938-181b3fe1d40c",
    "url": "https://lookerstudio.google.com/embed/reporting/d7eb32d7-3bf5-45fd-9938-181b3fe1d40c/page/SoLyD"
  },
  {
    "label": "Tepung Terigu",
    "Project_Link": "https://lookerstudio.google.com/reporting/3fcafba8-b1be-4f3b-86e6-2500566f8f6b",
    "url": "https://lookerstudio.google.com/embed/reporting/3fcafba8-b1be-4f3b-86e6-2500566f8f6b/page/SoLyD"
  },
  {
    "label": "Udang Basah",
    "Project_Link": "https://lookerstudio.google.com/reporting/18dc57de-04da-4efe-afd1-b24c0b5fcb32",
    "url": "https://lookerstudio.google.com/embed/reporting/18dc57de-04da-4efe-afd1-b24c0b5fcb32/page/SoLyD"
  },
  {
    "label": "Inflasi YoY",
    "Project_Link": "https://lookerstudio.google.com/reporting/2497be2f-7273-4aa2-b610-3d5cf8e7b36e",
    "url": "https://lookerstudio.google.com/embed/reporting/2497be2f-7273-4aa2-b610-3d5cf8e7b36e/page/SoLyD"
  },
  {
    "label": "Inflasi YtD",
    "Project_Link": "https://lookerstudio.google.com/reporting/10eba437-8a23-4856-9f39-cb0ee3f2864b",
    "url": "https://lookerstudio.google.com/embed/reporting/10eba437-8a23-4856-9f39-cb0ee3f2864b/page/SoLyD"
  },
  {
    "label": "Inflasi MtM",
    "Project_Link": "https://lookerstudio.google.com/reporting/6c9f250e-ca4f-4f88-b691-9a85da8afc27",
    "url": "https://lookerstudio.google.com/embed/reporting/6c9f250e-ca4f-4f88-b691-9a85da8afc27/page/SoLyD"
  }
]